8a07828b8dd0ce59018dd2f0daad17a5,20240222173016 CST,Approved,abc123-1,"Admin, System",xxxddd123,,xxxabc-123,"Admin, System",xxxddd123,,testuser,"dododo, XXXAdmin",,,admin_testuser,"dododo, XXXAdmin",,,Did you graduate from High School or were you issued a GED?|Please attach any supporting documentation with this request: (Optional)|Have you completed any post secondary education you wish to disclose?|Comments:|I attest that all Post Secondary Education has been disclosed.,GED||Yes||Yes
8a07828b8dd0ce59018dd2f4cdd45d34,20240222173435 CST,Approved,abc123-2,"Admin, System",xxxddd123,,rbctestadmin,"Admin, System",xxxddd123,,,,,,xxxabc-123,"Admin, System",xxxddd123,,Did you graduate from High School or were you issued a GED?|Please attach any supporting documentation with this request: (Optional)|Have you completed any post secondary education you wish to disclose?|Comments:|I attest that all Post Secondary Education has been disclosed.,High School Diploma||No
8a07828b8fbe0d06018fc00611b76c13,20240528122614 CDT,Approved,abc123-3,"Admin, System",xxxddd123,,xxxabc-124,"testuser, dsdsds",753159456,,,,,,xxxabc-123,"Admin, System",xxxddd123,,Did you graduate from High School or were you issued a GED?|Please attach any supporting documentation with this request: (Optional)|Have you completed any post secondary education you wish to disclose?|Comments:|I attest that all Post Secondary Education has been disclosed.,High School Diploma||No
8a07828b8e36e858018e3953e69838a6,20240313153943 CDT,Approved,abc123-4,"Dougiie, Doo",123456789,,xxxabc-125,"Dougiie, Doo",123456789,,,,,,pqpqpqpq@dododo.com,"Dougiie, Doo",123456789,,Did you graduate from High School or were you issued a GED?|Please attach any supporting documentation with this request: (Optional)|Have you completed any post secondary education you wish to disclose?|Comments:|I attest that all Post Secondary Education has been disclosed.,High School Diploma||Yes||Yes
efd554c41db9452d875dcfca10adf6d4,20231027063400 CDT,Approved,abc123-5,"Admin, System",xxxddd123,,xxxabc-126,"User4, HBHMEC",,,historicalapprover,"Approver, Historical ",,,,,,,Did you graduate from High School or were you issued a GED?|Please attach any supporting documentation with this request: (Optional)|Have you completed any post secondary education you wish to disclose?|Comments:|I attest that all Post Secondary Education has been disclosed.,"High School Diploma||Yes|NAME, ONE (10/27/23 11:34 AM):  Bachelors degree from the University of Miami"
ccbce5f4eb194621a8bc1891626e854b,20231027050100 CDT,Approved,abc123-6,"Admin, System",xxxddd123,,xxxabc-127,"User4, CEOHOB",,,historicalapprover,"Approver, Historical ",,,,,,,Did you graduate from High School or were you issued a GED?|Please attach any supporting documentation with this request: (Optional)|Have you completed any post secondary education you wish to disclose?|Comments:|I attest that all Post Secondary Education has been disclosed.,High School Diploma||Yes
a352dfd395ba4d89b7eab1d65053a3bb,20231026133400 CDT,Approved,abc123-7,"Admin, System",xxxddd123,,xxxabc-128,"User4, PHEM",,,historicalapprover,"Approver, Historical ",,,,,,,Did you graduate from High School or were you issued a GED?|Please attach any supporting documentation with this request: (Optional)|Have you completed any post secondary education you wish to disclose?|Comments:|I attest that all Post Secondary Education has been disclosed.,||No
0ed4f6e19ac645698abdfec392f9ec92,20231026085200 CDT,Approved,abc123-8,"Admin, System",xxxddd123,,xxxabc-129,"Test1, CEHB",,,historicalapprover,"Approver, Historical ",,,,,,,Did you graduate from High School or were you issued a GED?|Please attach any supporting documentation with this request: (Optional)|Have you completed any post secondary education you wish to disclose?|Comments:|I attest that all Post Secondary Education has been disclosed.,High School Diploma||Yes
6ec390decc74442484ad894c2132739b,20231026041600 CDT,Approved,abc123-9,"Admin, System",xxxddd123,,xxxabc-130,"Test1, CEPR",,,historicalapprover,"Approver, Historical ",,,,,,,Did you graduate from High School or were you issued a GED?|Please attach any supporting documentation with this request: (Optional)|Have you completed any post secondary education you wish to disclose?|Comments:|I attest that all Post Secondary Education has been disclosed.,"High School Diploma||Yes|NAME, TWO (10/26/23 09:16 AM):  Graduated from the University of MN"
b4790ddefc7547bdb95d85a1debe4537,20231025112900 CDT,Approved,abc123-10,"Admin, System",xxxddd123,,xxxabc-131,"Test1, CEPRHB",,,historicalapprover,"Approver, Historical ",,,,,,,Did you graduate from High School or were you issued a GED?|Please attach any supporting documentation with this request: (Optional)|Have you completed any post secondary education you wish to disclose?|Comments:|I attest that all Post Secondary Education has been disclosed.,"High School Diploma||Yes|NAME, THREE (10/25/23 04:29 PM):  BA Biology University of Texas Dallas  1979"
98b489ccece34c4cad11dd273085be22,20211202085500 CST,Approved,abc123-11,"Admin, System",xxxddd123,,xxxabc-132,"Test1, PRHBHE",,,historicalapprover,"Approver, Historical ",,,,,,,Did you graduate from High School or were you issued a GED?|Please attach any supporting documentation with this request: (Optional)|Have you completed any post secondary education you wish to disclose?|Comments:|I attest that all Post Secondary Education has been disclosed.,High School Diploma||Yes
3371374f5819455296cf4363931661f4,20211202054200 CST,Approved,abc123-12,"Admin, System",xxxddd123,,xxxabc-133,"Test1, CEHBHE",,,historicalapprover,"Approver, Historical ",,,,,,,Did you graduate from High School or were you issued a GED?|Please attach any supporting documentation with this request: (Optional)|Have you completed any post secondary education you wish to disclose?|Comments:|I attest that all Post Secondary Education has been disclosed.,"High School Diploma||Yes|NAME, FOUR (12/02/21 11:42 AM):  Bachelor of Arts, University of Pennsylvania"
dd638d2f43c44d0283c9553b0fa2d5fb,20211202032900 CST,Approved,abc123-13,"Admin, System",xxxddd123,,xxxabc-134,"Test1, CEHEM",,,historicalapprover,"Approver, Historical ",,,,,,,Did you graduate from High School or were you issued a GED?|Please attach any supporting documentation with this request: (Optional)|Have you completed any post secondary education you wish to disclose?|Comments:|I attest that all Post Secondary Education has been disclosed.,High School Diploma||No
dab0b5f6b3344e7190899038d16d775a,20211202031800 CST,Approved,abc123-14,"Admin, System",xxxddd123,,xxxabc-135,"Test1, PRHB",,,historicalapprover,"Approver, Historical ",,,,,,,Did you graduate from High School or were you issued a GED?|Please attach any supporting documentation with this request: (Optional)|Have you completed any post secondary education you wish to disclose?|Comments:|I attest that all Post Secondary Education has been disclosed.,High School Diploma||Yes
8a07828b8e8e5914018ea9f373234e05,20240404123128 CDT,Approved,abc123-15,"HuhHuh, Wisher",123456789,,xxxabc-136,"HuhHuh, Wisher",123456789,,,,,,1Wisher.HuhHuh@dododo.com,"HuhHuh, Wisher",123456789,,Did you graduate from High School or were you issued a GED?|Please attach any supporting documentation with this request: (Optional)|Have you completed any post secondary education you wish to disclose?|Comments:|I attest that all Post Secondary Education has been disclosed.,"GED|Prod Flat file Validation.docx|No|Comments:
(Optional)"
8a07828b8e8e5914018ea9fa969e5d63,20240404123915 CDT,Approved,abc123-16,"HuhHuh, Wisher",123456789,,xxxabc-137,"HuhHuh, Wisher",123456789,,,,,,1Wisher.HuhHuh@dododo.com,"HuhHuh, Wisher",123456789,,Did you graduate from High School or were you issued a GED?|Please attach any supporting documentation with this request: (Optional)|Have you completed any post secondary education you wish to disclose?|Comments:|I attest that all Post Secondary Education has been disclosed.,High School Diploma||Yes||Yes
8a07828b8e8e5914018ea9fbd0956e1b,20240404124036 CDT,Closed,abc123-17,"HuhHuh, Wisher",123456789,,xxxabc-138,"HuhHuh, Wisher",123456789,,1Wisher.HuhHuh,"HuhHuh, Wisher",123456789,,1Wisher.HuhHuh@dododo.com,"HuhHuh, Wisher",123456789,,Did you graduate from High School or were you issued a GED?|Please attach any supporting documentation with this request: (Optional)|Have you completed any post secondary education you wish to disclose?|Comments:|I attest that all Post Secondary Education has been disclosed.,GED|WMXXX-1258_Defect Retest.docx|Yes||Yes
8a07828b903ec8b101904b78ff432553,20240624141859 CDT,Approved,abc123-18,"Admin, System",xxxddd123,,xxxabc-139,"testuser, mployee3",753159456,,,,,,xxxabc-123,"Admin, System",xxxddd123,,Did you graduate from High School or were you issued a GED?|Please attach any supporting documentation with this request: (Optional)|Have you completed any post secondary education you wish to disclose?|Comments:|I attest that all Post Secondary Education has been disclosed.,High School Diploma||No
8a07828b903ec8b101904b78ff432554,20240624141859 CDT,Closed,abc123-19,"Admin, System",xxxddd123,,xxxabc-140,"Admin, System",xxxddd123,,admin_testuser,"dododo, XXXAdmin",,,admin_testuser,"dododo, XXXAdmin",,,Did you graduate from High School or were you issued a GED?|Please attach any supporting documentation with this request: (Optional)|Have you completed any post secondary education you wish to disclose?|Comments:|I attest that all Post Secondary Education has been disclosed.,GED||Yes||Yes
8a07828b903ec8b101904b78ff432555,20240624141859 CDT,Closed,abc123-20,"Admin, System",xxxddd123,,xxxabc-141,"Admin, System",xxxddd123,,,,,,xxxabc-123,"Admin, System",xxxddd123,,Did you graduate from High School or were you issued a GED?|Please attach any supporting documentation with this request: (Optional)|Have you completed any post secondary education you wish to disclose?|Comments:|I attest that all Post Secondary Education has been disclosed.,High School Diploma||No
8a07828b903ec8b101904b78ff432556,20240624141859 CDT,Closed,abc123-21,"Admin, System",xxxddd123,,xxxabc-142,"testuser, mployee3",753159456,,,,,,xxxabc-123,"Admin, System",xxxddd123,,Did you graduate from High School or were you issued a GED?|Please attach any supporting documentation with this request: (Optional)|Have you completed any post secondary education you wish to disclose?|Comments:|I attest that all Post Secondary Education has been disclosed.,High School Diploma||No
8a07828b903ec8b101904b78ff432557,20240624141859 CDT,Closed,abc123-22,"Dougiie, Doo",123456789,,xxxabc-143,"Dougiie, Doo",123456789,,,,,,pqpqpqpq@dododo.com,"Dougiie, Doo",123456789,,Did you graduate from High School or were you issued a GED?|Please attach any supporting documentation with this request: (Optional)|Have you completed any post secondary education you wish to disclose?|Comments:|I attest that all Post Secondary Education has been disclosed.,High School Diploma||Yes||Yes
8a07828b903ec8b101904b78ff432558,20240624141859 CDT,Closed,abc123-23,"Admin, System",xxxddd123,,xxxabc-144,"User4, HBHMEC",,,historicalapprover,"Approver, Historical ",,,,,,,Did you graduate from High School or were you issued a GED?|Please attach any supporting documentation with this request: (Optional)|Have you completed any post secondary education you wish to disclose?|Comments:|I attest that all Post Secondary Education has been disclosed.,"High School Diploma||Yes|NAME, ONE (10/27/23 11:34 AM):  Bachelors degree from the University of Miami"
8a07828b903ec8b101904b78ff432559,20240624141859 CDT,Approved,abc123-24,"Admin, System",xxxddd123,,xxxabc-145,"User4, CEOHOB",,,historicalapprover,"Approver, Historical ",,,,,,,Did you graduate from High School or were you issued a GED?|Please attach any supporting documentation with this request: (Optional)|Have you completed any post secondary education you wish to disclose?|Comments:|I attest that all Post Secondary Education has been disclosed.,High School Diploma||Yes
8a07828b903ec8b101904b78ff432560,20240624141859 CDT,Approved,abc123-25,"Admin, System",xxxddd123,,xxxabc-146,"User4, PHEM",,,historicalapprover,"Approver, Historical ",,,,,,,Did you graduate from High School or were you issued a GED?|Please attach any supporting documentation with this request: (Optional)|Have you completed any post secondary education you wish to disclose?|Comments:|I attest that all Post Secondary Education has been disclosed.,||No
8a07828b903ec8b101904b78ff432561,20240624141859 CDT,Approved,abc123-26,"Admin, System",xxxddd123,,xxxabc-147,"Test1, CEHB",,,historicalapprover,"Approver, Historical ",,,,,,,Did you graduate from High School or were you issued a GED?|Please attach any supporting documentation with this request: (Optional)|Have you completed any post secondary education you wish to disclose?|Comments:|I attest that all Post Secondary Education has been disclosed.,High School Diploma||Yes
8a07828b903ec8b101904b78ff432562,20240624141859 CDT,Approved,abc123-27,"Admin, System",xxxddd123,,xxxabc-148,"Test1, CEPR",,,historicalapprover,"Approver, Historical ",,,,,,,Did you graduate from High School or were you issued a GED?|Please attach any supporting documentation with this request: (Optional)|Have you completed any post secondary education you wish to disclose?|Comments:|I attest that all Post Secondary Education has been disclosed.,"High School Diploma||Yes|NAME, TWO (10/26/23 09:16 AM):  Graduated from the University of MN"
8a07828b903ec8b101904b78ff432563,20240624141859 CDT,Not Approved,abc123-28,"Admin, System",xxxddd123,,xxxabc-149,"Test1, CEPRHB",,,historicalapprover,"Approver, Historical ",,,,,,,Did you graduate from High School or were you issued a GED?|Please attach any supporting documentation with this request: (Optional)|Have you completed any post secondary education you wish to disclose?|Comments:|I attest that all Post Secondary Education has been disclosed.,"High School Diploma||Yes|NAME, THREE (10/25/23 04:29 PM):  BA Biology University of Texas Dallas  1979"
8a07828b903ec8b101904b78ff432564,20240624141859 CDT,Not Approved,abc123-29,"Admin, System",xxxddd123,,xxxabc-150,"Test1, PRHBHE",,,historicalapprover,"Approver, Historical ",,,,,,,Did you graduate from High School or were you issued a GED?|Please attach any supporting documentation with this request: (Optional)|Have you completed any post secondary education you wish to disclose?|Comments:|I attest that all Post Secondary Education has been disclosed.,High School Diploma||Yes
8a07828b903ec8b101904b78ff432565,20240624141859 CDT,Not Approved,abc123-30,"Admin, System",xxxddd123,,xxxabc-151,"Test1, CEHBHE",,,historicalapprover,"Approver, Historical ",,,,,,,Did you graduate from High School or were you issued a GED?|Please attach any supporting documentation with this request: (Optional)|Have you completed any post secondary education you wish to disclose?|Comments:|I attest that all Post Secondary Education has been disclosed.,"High School Diploma||Yes|NAME, FOUR (12/02/21 11:42 AM):  Bachelor of Arts, University of Pennsylvania"
8a07828b903ec8b101904b78ff432566,20240624141859 CDT,Closed,abc123-31,"Admin, System",xxxddd123,,xxxabc-152,"Test1, CEHEM",,,historicalapprover,"Approver, Historical ",,,,,,,Did you graduate from High School or were you issued a GED?|Please attach any supporting documentation with this request: (Optional)|Have you completed any post secondary education you wish to disclose?|Comments:|I attest that all Post Secondary Education has been disclosed.,High School Diploma||No
8a07828b903ec8b101904b78ff432567,20240624141859 CDT,Closed,abc123-32,"Admin, System",xxxddd123,,xxxabc-153,"Test1, PRHB",,,historicalapprover,"Approver, Historical ",,,,,,,Did you graduate from High School or were you issued a GED?|Please attach any supporting documentation with this request: (Optional)|Have you completed any post secondary education you wish to disclose?|Comments:|I attest that all Post Secondary Education has been disclosed.,High School Diploma||Yes
8a07828b903ec8b101904b78ff432568,20240624141859 CDT,Closed,abc123-33,"HuhHuh, Wisher",123456789,,xxxabc-154,"HuhHuh, Wisher",123456789,,,,,,1Wisher.HuhHuh@dododo.com,"HuhHuh, Wisher",123456789,,Did you graduate from High School or were you issued a GED?|Please attach any supporting documentation with this request: (Optional)|Have you completed any post secondary education you wish to disclose?|Comments:|I attest that all Post Secondary Education has been disclosed.,"GED|Prod Flat file Validation.docx|No|Comments:
(Optional)"
8a07828b903ec8b101904b78ff432569,20240624141859 CDT,Closed,abc123-34,"HuhHuh, Wisher",123456789,,xxxabc-155,"HuhHuh, Wisher",123456789,,,,,,1Wisher.HuhHuh@dododo.com,"HuhHuh, Wisher",123456789,,Did you graduate from High School or were you issued a GED?|Please attach any supporting documentation with this request: (Optional)|Have you completed any post secondary education you wish to disclose?|Comments:|I attest that all Post Secondary Education has been disclosed.,High School Diploma||Yes||Yes
8a07828b903ec8b101904b78ff432570,20240624141859 CDT,Closed,abc123-35,"HuhHuh, Wisher",123456789,,xxxabc-156,"HuhHuh, Wisher",123456789,,1Wisher.HuhHuh@dododo.com,"HuhHuh, Wisher",123456789,,1Wisher.HuhHuh@dododo.com,"HuhHuh, Wisher",123456789,,Did you graduate from High School or were you issued a GED?|Please attach any supporting documentation with this request: (Optional)|Have you completed any post secondary education you wish to disclose?|Comments:|I attest that all Post Secondary Education has been disclosed.,GED|WMXXX-1258_Defect Retest.docx|Yes||Yes
8a07828b903ec8b101904b78ff432571,20240624141859 CDT,Not Approved,abc123-36,"Admin, System",xxxddd123,,xxxabc-157,"testuser, mployee3",753159456,,,,,,xxxabc-123,"Admin, System",xxxddd123,,Did you graduate from High School or were you issued a GED?|Please attach any supporting documentation with this request: (Optional)|Have you completed any post secondary education you wish to disclose?|Comments:|I attest that all Post Secondary Education has been disclosed.,High School Diploma||No
8a07828b903ec8b101904b78ff432572,20240624141859 CDT,Approved,abc123-37,"Admin, System",xxxddd123,,xxxabc-158,"Admin, System",xxxddd123,,admin_testuser,"dododo, XXXAdmin",,,admin_testuser,"dododo, XXXAdmin",,,Did you graduate from High School or were you issued a GED?|Please attach any supporting documentation with this request: (Optional)|Have you completed any post secondary education you wish to disclose?|Comments:|I attest that all Post Secondary Education has been disclosed.,GED||Yes||Yes
8a07828b903ec8b101904b78ff432573,20240624141859 CDT,Approved,abc123-38,"Admin, System",xxxddd123,,xxxabc-159,"Admin, System",xxxddd123,,,,,,xxxabc-123,"Admin, System",xxxddd123,,Did you graduate from High School or were you issued a GED?|Please attach any supporting documentation with this request: (Optional)|Have you completed any post secondary education you wish to disclose?|Comments:|I attest that all Post Secondary Education has been disclosed.,High School Diploma||No
8a07828b903ec8b101904b78ff432574,20240624141859 CDT,Approved,abc123-39,"Admin, System",xxxddd123,,xxxabc-160,"testuser, mployee3",753159456,,,,,,xxxabc-123,"Admin, System",xxxddd123,,Did you graduate from High School or were you issued a GED?|Please attach any supporting documentation with this request: (Optional)|Have you completed any post secondary education you wish to disclose?|Comments:|I attest that all Post Secondary Education has been disclosed.,High School Diploma||No
8a07828b903ec8b101904b78ff432575,20240624141859 CDT,Approved,abc123-40,"Dougiie, Doo",123456789,,xxxabc-161,"Dougiie, Doo",123456789,,,,,,pqpqpqpq@dododo.com,"Dougiie, Doo",123456789,,Did you graduate from High School or were you issued a GED?|Please attach any supporting documentation with this request: (Optional)|Have you completed any post secondary education you wish to disclose?|Comments:|I attest that all Post Secondary Education has been disclosed.,High School Diploma||Yes||Yes
8a07828b903ec8b101904b78ff432576,20240624141859 CDT,Approved,abc123-41,"Admin, System",xxxddd123,,xxxabc-162,"User4, HBHMEC",,,historicalapprover,"Approver, Historical ",,,,,,,Did you graduate from High School or were you issued a GED?|Please attach any supporting documentation with this request: (Optional)|Have you completed any post secondary education you wish to disclose?|Comments:|I attest that all Post Secondary Education has been disclosed.,"High School Diploma||Yes|NAME, ONE (10/27/23 11:34 AM):  Bachelors degree from the University of Miami"
8a07828b903ec8b101904b78ff432577,20240624141859 CDT,Not Approved,abc123-42,"Admin, System",xxxddd123,,xxxabc-163,"User4, CEOHOB",,,historicalapprover,"Approver, Historical ",,,,,,,Did you graduate from High School or were you issued a GED?|Please attach any supporting documentation with this request: (Optional)|Have you completed any post secondary education you wish to disclose?|Comments:|I attest that all Post Secondary Education has been disclosed.,High School Diploma||Yes
8a07828b903ec8b101904b78ff432578,20240624141859 CDT,Closed,abc123-43,"Admin, System",xxxddd123,,xxxabc-164,"User4, PHEM",,,historicalapprover,"Approver, Historical ",,,,,,,Did you graduate from High School or were you issued a GED?|Please attach any supporting documentation with this request: (Optional)|Have you completed any post secondary education you wish to disclose?|Comments:|I attest that all Post Secondary Education has been disclosed.,||No
8a07828b903ec8b101904b78ff432579,20240624141859 CDT,Closed,abc123-44,"Admin, System",xxxddd123,,xxxabc-165,"Test1, CEHB",,,historicalapprover,"Approver, Historical ",,,,,,,Did you graduate from High School or were you issued a GED?|Please attach any supporting documentation with this request: (Optional)|Have you completed any post secondary education you wish to disclose?|Comments:|I attest that all Post Secondary Education has been disclosed.,High School Diploma||Yes
8a07828b903ec8b101904b78ff432580,20240624141859 CDT,Closed,abc123-45,"Admin, System",xxxddd123,,xxxabc-166,"Test1, CEPR",,,historicalapprover,"Approver, Historical ",,,,,,,Did you graduate from High School or were you issued a GED?|Please attach any supporting documentation with this request: (Optional)|Have you completed any post secondary education you wish to disclose?|Comments:|I attest that all Post Secondary Education has been disclosed.,"High School Diploma||Yes|NAME, TWO (10/26/23 09:16 AM):  Graduated from the University of MN"
8a07828b903ec8b101904b78ff432581,20240624141859 CDT,Closed,abc123-46,"Admin, System",xxxddd123,,xxxabc-167,"Test1, CEPRHB",,,historicalapprover,"Approver, Historical ",,,,,,,Did you graduate from High School or were you issued a GED?|Please attach any supporting documentation with this request: (Optional)|Have you completed any post secondary education you wish to disclose?|Comments:|I attest that all Post Secondary Education has been disclosed.,"High School Diploma||Yes|NAME, THREE (10/25/23 04:29 PM):  BA Biology University of Texas Dallas  1979"
8a07828b903ec8b101904b78ff432582,20240624141859 CDT,Not Approved,abc123-47,"Admin, System",xxxddd123,,xxxabc-168,"Test1, PRHBHE",,,historicalapprover,"Approver, Historical ",,,,,,,Did you graduate from High School or were you issued a GED?|Please attach any supporting documentation with this request: (Optional)|Have you completed any post secondary education you wish to disclose?|Comments:|I attest that all Post Secondary Education has been disclosed.,High School Diploma||Yes
8a07828b903ec8b101904b78ff432583,20240624141859 CDT,Not Approved,abc123-48,"Admin, System",xxxddd123,,xxxabc-169,"Test1, CEHBHE",,,historicalapprover,"Approver, Historical ",,,,,,,Did you graduate from High School or were you issued a GED?|Please attach any supporting documentation with this request: (Optional)|Have you completed any post secondary education you wish to disclose?|Comments:|I attest that all Post Secondary Education has been disclosed.,"High School Diploma||Yes|NAME, FOUR (12/02/21 11:42 AM):  Bachelor of Arts, University of Pennsylvania"
8a07828b903ec8b101904b78ff432584,20240624141859 CDT,Not Approved,abc123-49,"Admin, System",xxxddd123,,xxxabc-170,"Test1, CEHEM",,,historicalapprover,"Approver, Historical ",,,,,,,Did you graduate from High School or were you issued a GED?|Please attach any supporting documentation with this request: (Optional)|Have you completed any post secondary education you wish to disclose?|Comments:|I attest that all Post Secondary Education has been disclosed.,High School Diploma||No
8a07828b903ec8b101904b78ff432585,20240624141859 CDT,Approved,abc123-50,"Admin, System",xxxddd123,,xxxabc-171,"Test1, PRHB",,,historicalapprover,"Approver, Historical ",,,,,,,Did you graduate from High School or were you issued a GED?|Please attach any supporting documentation with this request: (Optional)|Have you completed any post secondary education you wish to disclose?|Comments:|I attest that all Post Secondary Education has been disclosed.,High School Diploma||Yes
8a07828b903ec8b101904b78ff432586,20240624141859 CDT,Approved,abc123-51,"HuhHuh, Wisher",123456789,,xxxabc-172,"HuhHuh, Wisher",123456789,,,,,,1Wisher.HuhHuh@dododo.com,"HuhHuh, Wisher",123456789,,Did you graduate from High School or were you issued a GED?|Please attach any supporting documentation with this request: (Optional)|Have you completed any post secondary education you wish to disclose?|Comments:|I attest that all Post Secondary Education has been disclosed.,"GED|Prod Flat file Validation.docx|No|Comments:
(Optional)"
8a07828b903ec8b101904b78ff432587,20240624141859 CDT,Approved,abc123-52,"HuhHuh, Wisher",123456789,,xxxabc-173,"HuhHuh, Wisher",123456789,,,,,,1Wisher.HuhHuh@dododo.com,"HuhHuh, Wisher",123456789,,Did you graduate from High School or were you issued a GED?|Please attach any supporting documentation with this request: (Optional)|Have you completed any post secondary education you wish to disclose?|Comments:|I attest that all Post Secondary Education has been disclosed.,High School Diploma||Yes||Yes
8a07828b903ec8b101904b78ff432588,20240624141859 CDT,Approved,abc123-53,"HuhHuh, Wisher",123456789,,xxxabc-174,"HuhHuh, Wisher",123456789,,1Wisher.HuhHuh@dododo.com,"HuhHuh, Wisher",123456789,,1Wisher.HuhHuh@dododo.com,"HuhHuh, Wisher",123456789,,Did you graduate from High School or were you issued a GED?|Please attach any supporting documentation with this request: (Optional)|Have you completed any post secondary education you wish to disclose?|Comments:|I attest that all Post Secondary Education has been disclosed.,GED|WMXXX-1258_Defect Retest.docx|Yes||Yes
8a07828b903ec8b101904b78ff432589,20240624141859 CDT,Approved,abc123-54,"Admin, System",xxxddd123,,xxxabc-175,"testuser, mployee3",753159456,,,,,,xxxabc-123,"Admin, System",xxxddd123,,Did you graduate from High School or were you issued a GED?|Please attach any supporting documentation with this request: (Optional)|Have you completed any post secondary education you wish to disclose?|Comments:|I attest that all Post Secondary Education has been disclosed.,High School Diploma||No
8a07828b903ec8b101904b78ff432590,20240624141859 CDT,Not Approved,abc123-55,"Admin, System",xxxddd123,,xxxabc-176,"Admin, System",xxxddd123,,admin_testuser,"dododo, XXXAdmin",,,admin_testuser,"dododo, XXXAdmin",,,Did you graduate from High School or were you issued a GED?|Please attach any supporting documentation with this request: (Optional)|Have you completed any post secondary education you wish to disclose?|Comments:|I attest that all Post Secondary Education has been disclosed.,GED||Yes||Yes
8a07828b903ec8b101904b78ff432591,20240624141859 CDT,Not Approved,abc123-56,"Admin, System",xxxddd123,,xxxabc-177,"Admin, System",xxxddd123,,,,,,xxxabc-123,"Admin, System",xxxddd123,,Did you graduate from High School or were you issued a GED?|Please attach any supporting documentation with this request: (Optional)|Have you completed any post secondary education you wish to disclose?|Comments:|I attest that all Post Secondary Education has been disclosed.,High School Diploma||No
8a07828b903ec8b101904b78ff432592,20240624141859 CDT,Not Approved,abc123-57,"Admin, System",xxxddd123,,xxxabc-178,"testuser, mployee3",753159456,,,,,,xxxabc-123,"Admin, System",xxxddd123,,Did you graduate from High School or were you issued a GED?|Please attach any supporting documentation with this request: (Optional)|Have you completed any post secondary education you wish to disclose?|Comments:|I attest that all Post Secondary Education has been disclosed.,High School Diploma||No
8a07828b903ec8b101904b78ff432593,20240624141859 CDT,Closed,abc123-58,"Dougiie, Doo",123456789,,xxxabc-179,"Dougiie, Doo",123456789,,,,,,pqpqpqpq@dododo.com,"Dougiie, Doo",123456789,,Did you graduate from High School or were you issued a GED?|Please attach any supporting documentation with this request: (Optional)|Have you completed any post secondary education you wish to disclose?|Comments:|I attest that all Post Secondary Education has been disclosed.,High School Diploma||Yes||Yes
8a07828b903ec8b101904b78ff432594,20240624141859 CDT,Closed,abc123-59,"Admin, System",xxxddd123,,xxxabc-180,"User4, HBHMEC",,,historicalapprover,"Approver, Historical ",,,,,,,Did you graduate from High School or were you issued a GED?|Please attach any supporting documentation with this request: (Optional)|Have you completed any post secondary education you wish to disclose?|Comments:|I attest that all Post Secondary Education has been disclosed.,"High School Diploma||Yes|NAME, ONE (10/27/23 11:34 AM):  Bachelors degree from the University of Miami"
8a07828b903ec8b101904b78ff432595,20240624141859 CDT,Closed,abc123-60,"Admin, System",xxxddd123,,xxxabc-181,"User4, CEOHOB",,,historicalapprover,"Approver, Historical ",,,,,,,Did you graduate from High School or were you issued a GED?|Please attach any supporting documentation with this request: (Optional)|Have you completed any post secondary education you wish to disclose?|Comments:|I attest that all Post Secondary Education has been disclosed.,High School Diploma||Yes
8a07828b903ec8b101904b78ff432596,20240624141859 CDT,Closed,abc123-61,"Admin, System",xxxddd123,,xxxabc-182,"User4, PHEM",,,historicalapprover,"Approver, Historical ",,,,,,,Did you graduate from High School or were you issued a GED?|Please attach any supporting documentation with this request: (Optional)|Have you completed any post secondary education you wish to disclose?|Comments:|I attest that all Post Secondary Education has been disclosed.,||No
8a07828b903ec8b101904b78ff432597,20240624141859 CDT,Closed,abc123-62,"Admin, System",xxxddd123,,xxxabc-183,"Test1, CEHB",,,historicalapprover,"Approver, Historical ",,,,,,,Did you graduate from High School or were you issued a GED?|Please attach any supporting documentation with this request: (Optional)|Have you completed any post secondary education you wish to disclose?|Comments:|I attest that all Post Secondary Education has been disclosed.,High School Diploma||Yes
8a07828b903ec8b101904b78ff432598,20240624141859 CDT,Closed,abc123-63,"Admin, System",xxxddd123,,xxxabc-184,"Test1, CEPR",,,historicalapprover,"Approver, Historical ",,,,,,,Did you graduate from High School or were you issued a GED?|Please attach any supporting documentation with this request: (Optional)|Have you completed any post secondary education you wish to disclose?|Comments:|I attest that all Post Secondary Education has been disclosed.,"High School Diploma||Yes|NAME, TWO (10/26/23 09:16 AM):  Graduated from the University of MN"
8a07828b903ec8b101904b78ff432599,20240624141859 CDT,Closed,abc123-64,"Admin, System",xxxddd123,,xxxabc-185,"Test1, CEPRHB",,,historicalapprover,"Approver, Historical ",,,,,,,Did you graduate from High School or were you issued a GED?|Please attach any supporting documentation with this request: (Optional)|Have you completed any post secondary education you wish to disclose?|Comments:|I attest that all Post Secondary Education has been disclosed.,"High School Diploma||Yes|NAME, THREE (10/25/23 04:29 PM):  BA Biology University of Texas Dallas  1979"
8a07828b903ec8b101904b78ff432600,20240624141859 CDT,Closed,abc123-65,"Admin, System",xxxddd123,,xxxabc-186,"Test1, PRHBHE",,,historicalapprover,"Approver, Historical ",,,,,,,Did you graduate from High School or were you issued a GED?|Please attach any supporting documentation with this request: (Optional)|Have you completed any post secondary education you wish to disclose?|Comments:|I attest that all Post Secondary Education has been disclosed.,High School Diploma||Yes
8a07828b903ec8b101904b78ff432601,20240624141859 CDT,Not Approved,abc123-66,"Admin, System",xxxddd123,,xxxabc-187,"Test1, CEHBHE",,,historicalapprover,"Approver, Historical ",,,,,,,Did you graduate from High School or were you issued a GED?|Please attach any supporting documentation with this request: (Optional)|Have you completed any post secondary education you wish to disclose?|Comments:|I attest that all Post Secondary Education has been disclosed.,"High School Diploma||Yes|NAME, FOUR (12/02/21 11:42 AM):  Bachelor of Arts, University of Pennsylvania"
8a07828b903ec8b101904b78ff432602,20240624141859 CDT,Approved,abc123-67,"Admin, System",xxxddd123,,xxxabc-188,"Test1, CEHEM",,,historicalapprover,"Approver, Historical ",,,,,,,Did you graduate from High School or were you issued a GED?|Please attach any supporting documentation with this request: (Optional)|Have you completed any post secondary education you wish to disclose?|Comments:|I attest that all Post Secondary Education has been disclosed.,High School Diploma||No
8a07828b903ec8b101904b78ff432603,20240624141859 CDT,Approved,abc123-68,"Admin, System",xxxddd123,,xxxabc-189,"Test1, PRHB",,,historicalapprover,"Approver, Historical ",,,,,,,Did you graduate from High School or were you issued a GED?|Please attach any supporting documentation with this request: (Optional)|Have you completed any post secondary education you wish to disclose?|Comments:|I attest that all Post Secondary Education has been disclosed.,High School Diploma||Yes
8a07828b903ec8b101904b78ff432604,20240624141859 CDT,Approved,abc123-69,"HuhHuh, Wisher",123456789,,xxxabc-190,"HuhHuh, Wisher",123456789,,,,,,1Wisher.HuhHuh@dododo.com,"HuhHuh, Wisher",123456789,,Did you graduate from High School or were you issued a GED?|Please attach any supporting documentation with this request: (Optional)|Have you completed any post secondary education you wish to disclose?|Comments:|I attest that all Post Secondary Education has been disclosed.,"GED|Prod Flat file Validation.docx|No|Comments:
(Optional)"
8a07828b903ec8b101904b78ff432605,20240624141859 CDT,Approved,abc123-70,"HuhHuh, Wisher",123456789,,xxxabc-191,"HuhHuh, Wisher",123456789,,,,,,1Wisher.HuhHuh@dododo.com,"HuhHuh, Wisher",123456789,,Did you graduate from High School or were you issued a GED?|Please attach any supporting documentation with this request: (Optional)|Have you completed any post secondary education you wish to disclose?|Comments:|I attest that all Post Secondary Education has been disclosed.,High School Diploma||Yes||Yes
8a07828b903ec8b101904b78ff432606,20240624141859 CDT,Approved,abc123-71,"HuhHuh, Wisher",123456789,,xxxabc-192,"HuhHuh, Wisher",123456789,,1Wisher.HuhHuh@dododo.com,"HuhHuh, Wisher",123456789,,1Wisher.HuhHuh@dododo.com,"HuhHuh, Wisher",123456789,,Did you graduate from High School or were you issued a GED?|Please attach any supporting documentation with this request: (Optional)|Have you completed any post secondary education you wish to disclose?|Comments:|I attest that all Post Secondary Education has been disclosed.,GED|WMXXX-1258_Defect Retest.docx|Yes||Yes
8a07828b903ec8b101904b78ff432607,20240624141859 CDT,Not Approved,abc123-72,"Admin, System",xxxddd123,,xxxabc-193,"testuser, mployee3",753159456,,,,,,xxxabc-123,"Admin, System",xxxddd123,,Did you graduate from High School or were you issued a GED?|Please attach any supporting documentation with this request: (Optional)|Have you completed any post secondary education you wish to disclose?|Comments:|I attest that all Post Secondary Education has been disclosed.,High School Diploma||No
8a07828b903ec8b101904b78ff432608,20240624141859 CDT,Not Approved,abc123-73,"Admin, System",xxxddd123,,xxxabc-194,"Admin, System",xxxddd123,,admin_testuser,"dododo, XXXAdmin",,,admin_testuser,"dododo, XXXAdmin",,,Did you graduate from High School or were you issued a GED?|Please attach any supporting documentation with this request: (Optional)|Have you completed any post secondary education you wish to disclose?|Comments:|I attest that all Post Secondary Education has been disclosed.,GED||Yes||Yes
8a07828b903ec8b101904b78ff432609,20240624141859 CDT,Not Approved,abc123-74,"Admin, System",xxxddd123,,xxxabc-195,"Admin, System",xxxddd123,,,,,,xxxabc-123,"Admin, System",xxxddd123,,Did you graduate from High School or were you issued a GED?|Please attach any supporting documentation with this request: (Optional)|Have you completed any post secondary education you wish to disclose?|Comments:|I attest that all Post Secondary Education has been disclosed.,High School Diploma||No
8a07828b903ec8b101904b78ff432610,20240624141859 CDT,Closed,abc123-75,"Admin, System",xxxddd123,,xxxabc-196,"testuser, mployee3",753159456,,,,,,xxxabc-123,"Admin, System",xxxddd123,,Did you graduate from High School or were you issued a GED?|Please attach any supporting documentation with this request: (Optional)|Have you completed any post secondary education you wish to disclose?|Comments:|I attest that all Post Secondary Education has been disclosed.,High School Diploma||No
8a07828b903ec8b101904b78ff432611,20240624141859 CDT,Closed,abc123-76,"Dougiie, Doo",123456789,,xxxabc-197,"Dougiie, Doo",123456789,,,,,,pqpqpqpq@dododo.com,"Dougiie, Doo",123456789,,Did you graduate from High School or were you issued a GED?|Please attach any supporting documentation with this request: (Optional)|Have you completed any post secondary education you wish to disclose?|Comments:|I attest that all Post Secondary Education has been disclosed.,High School Diploma||Yes||Yes
8a07828b903ec8b101904b78ff432612,20240624141859 CDT,Closed,abc123-77,"Admin, System",xxxddd123,,xxxabc-198,"User4, HBHMEC",,,historicalapprover,"Approver, Historical ",,,,,,,Did you graduate from High School or were you issued a GED?|Please attach any supporting documentation with this request: (Optional)|Have you completed any post secondary education you wish to disclose?|Comments:|I attest that all Post Secondary Education has been disclosed.,"High School Diploma||Yes|NAME, ONE (10/27/23 11:34 AM):  Bachelors degree from the University of Miami"
8a07828b903ec8b101904b78ff432613,20240624141859 CDT,Closed,abc123-78,"Admin, System",xxxddd123,,xxxabc-199,"User4, CEOHOB",,,historicalapprover,"Approver, Historical ",,,,,,,Did you graduate from High School or were you issued a GED?|Please attach any supporting documentation with this request: (Optional)|Have you completed any post secondary education you wish to disclose?|Comments:|I attest that all Post Secondary Education has been disclosed.,High School Diploma||Yes
8a07828b903ec8b101904b78ff432614,20240624141859 CDT,Closed,abc123-79,"Admin, System",xxxddd123,,xxxabc-200,"User4, PHEM",,,historicalapprover,"Approver, Historical ",,,,,,,Did you graduate from High School or were you issued a GED?|Please attach any supporting documentation with this request: (Optional)|Have you completed any post secondary education you wish to disclose?|Comments:|I attest that all Post Secondary Education has been disclosed.,||No
8a07828b903ec8b101904b78ff432615,20240624141859 CDT,Closed,abc123-80,"Admin, System",xxxddd123,,xxxabc-201,"Test1, CEHB",,,historicalapprover,"Approver, Historical ",,,,,,,Did you graduate from High School or were you issued a GED?|Please attach any supporting documentation with this request: (Optional)|Have you completed any post secondary education you wish to disclose?|Comments:|I attest that all Post Secondary Education has been disclosed.,High School Diploma||Yes
8a07828b903ec8b101904b78ff432616,20240624141859 CDT,Closed,abc123-81,"Admin, System",xxxddd123,,xxxabc-202,"Test1, CEPR",,,historicalapprover,"Approver, Historical ",,,,,,,Did you graduate from High School or were you issued a GED?|Please attach any supporting documentation with this request: (Optional)|Have you completed any post secondary education you wish to disclose?|Comments:|I attest that all Post Secondary Education has been disclosed.,"High School Diploma||Yes|NAME, TWO (10/26/23 09:16 AM):  Graduated from the University of MN"
8a07828b903ec8b101904b78ff432617,20240624141859 CDT,Not Approved,abc123-82,"Admin, System",xxxddd123,,xxxabc-203,"Test1, CEPRHB",,,historicalapprover,"Approver, Historical ",,,,,,,Did you graduate from High School or were you issued a GED?|Please attach any supporting documentation with this request: (Optional)|Have you completed any post secondary education you wish to disclose?|Comments:|I attest that all Post Secondary Education has been disclosed.,"High School Diploma||Yes|NAME, THREE (10/25/23 04:29 PM):  BA Biology University of Texas Dallas  1979"
8a07828b903ec8b101904b78ff432618,20240624141859 CDT,Not Approved,abc123-83,"Admin, System",xxxddd123,,xxxabc-204,"Test1, PRHBHE",,,historicalapprover,"Approver, Historical ",,,,,,,Did you graduate from High School or were you issued a GED?|Please attach any supporting documentation with this request: (Optional)|Have you completed any post secondary education you wish to disclose?|Comments:|I attest that all Post Secondary Education has been disclosed.,High School Diploma||Yes
8a07828b903ec8b101904b78ff432619,20240624141859 CDT,Approved,abc123-84,"Admin, System",xxxddd123,,xxxabc-205,"Test1, CEHBHE",,,historicalapprover,"Approver, Historical ",,,,,,,Did you graduate from High School or were you issued a GED?|Please attach any supporting documentation with this request: (Optional)|Have you completed any post secondary education you wish to disclose?|Comments:|I attest that all Post Secondary Education has been disclosed.,"High School Diploma||Yes|NAME, FOUR (12/02/21 11:42 AM):  Bachelor of Arts, University of Pennsylvania"
8a07828b903ec8b101904b78ff432620,20240624141859 CDT,Approved,abc123-85,"Admin, System",xxxddd123,,xxxabc-206,"Test1, CEHEM",,,historicalapprover,"Approver, Historical ",,,,,,,Did you graduate from High School or were you issued a GED?|Please attach any supporting documentation with this request: (Optional)|Have you completed any post secondary education you wish to disclose?|Comments:|I attest that all Post Secondary Education has been disclosed.,High School Diploma||No
8a07828b903ec8b101904b78ff432621,20240624141859 CDT,Approved,abc123-86,"Admin, System",xxxddd123,,xxxabc-207,"Test1, PRHB",,,historicalapprover,"Approver, Historical ",,,,,,,Did you graduate from High School or were you issued a GED?|Please attach any supporting documentation with this request: (Optional)|Have you completed any post secondary education you wish to disclose?|Comments:|I attest that all Post Secondary Education has been disclosed.,High School Diploma||Yes
8a07828b903ec8b101904b78ff432622,20240624141859 CDT,Approved,abc123-87,"HuhHuh, Wisher",123456789,,xxxabc-208,"HuhHuh, Wisher",123456789,,,,,,1Wisher.HuhHuh@dododo.com,"HuhHuh, Wisher",123456789,,Did you graduate from High School or were you issued a GED?|Please attach any supporting documentation with this request: (Optional)|Have you completed any post secondary education you wish to disclose?|Comments:|I attest that all Post Secondary Education has been disclosed.,"GED|Prod Flat file Validation.docx|No|Comments:
(Optional)"
8a07828b903ec8b101904b78ff432623,20240624141859 CDT,Approved,abc123-88,"HuhHuh, Wisher",123456789,,xxxabc-209,"HuhHuh, Wisher",123456789,,,,,,1Wisher.HuhHuh@dododo.com,"HuhHuh, Wisher",123456789,,Did you graduate from High School or were you issued a GED?|Please attach any supporting documentation with this request: (Optional)|Have you completed any post secondary education you wish to disclose?|Comments:|I attest that all Post Secondary Education has been disclosed.,High School Diploma||Yes||Yes
8a07828b903ec8b101904b78ff432624,20240624141859 CDT,Not Approved,abc123-89,"HuhHuh, Wisher",123456789,,xxxabc-210,"HuhHuh, Wisher",123456789,,1Wisher.HuhHuh@dododo.com,"HuhHuh, Wisher",123456789,,1Wisher.HuhHuh@dododo.com,"HuhHuh, Wisher",123456789,,Did you graduate from High School or were you issued a GED?|Please attach any supporting documentation with this request: (Optional)|Have you completed any post secondary education you wish to disclose?|Comments:|I attest that all Post Secondary Education has been disclosed.,GED|WMXXX-1258_Defect Retest.docx|Yes||Yes
8a07828b903ec8b101904b78ff432625,20240624141859 CDT,Not Approved,abc123-90,"Admin, System",xxxddd123,,xxxabc-211,"testuser, mployee3",753159456,,,,,,xxxabc-123,"Admin, System",xxxddd123,,Did you graduate from High School or were you issued a GED?|Please attach any supporting documentation with this request: (Optional)|Have you completed any post secondary education you wish to disclose?|Comments:|I attest that all Post Secondary Education has been disclosed.,High School Diploma||No
8a07828b903ec8b101904b78ff432626,20240624141859 CDT,Closed,abc123-91,"Admin, System",xxxddd123,,xxxabc-212,"Admin, System",xxxddd123,,admin_testuser,"dododo, XXXAdmin",,,admin_testuser,"dododo, XXXAdmin",,,Did you graduate from High School or were you issued a GED?|Please attach any supporting documentation with this request: (Optional)|Have you completed any post secondary education you wish to disclose?|Comments:|I attest that all Post Secondary Education has been disclosed.,GED||Yes||Yes
8a07828b903ec8b101904b78ff432627,20240624141859 CDT,Closed,abc123-92,"Admin, System",xxxddd123,,xxxabc-213,"Admin, System",xxxddd123,,,,,,xxxabc-123,"Admin, System",xxxddd123,,Did you graduate from High School or were you issued a GED?|Please attach any supporting documentation with this request: (Optional)|Have you completed any post secondary education you wish to disclose?|Comments:|I attest that all Post Secondary Education has been disclosed.,High School Diploma||No
8a07828b903ec8b101904b78ff432628,20240624141859 CDT,Closed,abc123-93,"Admin, System",xxxddd123,,xxxabc-214,"testuser, mployee3",753159456,,,,,,xxxabc-123,"Admin, System",xxxddd123,,Did you graduate from High School or were you issued a GED?|Please attach any supporting documentation with this request: (Optional)|Have you completed any post secondary education you wish to disclose?|Comments:|I attest that all Post Secondary Education has been disclosed.,High School Diploma||No
8a07828b903ec8b101904b78ff432629,20240624141859 CDT,Closed,abc123-94,"Dougiie, Doo",123456789,,xxxabc-215,"Dougiie, Doo",123456789,,,,,,pqpqpqpq@dododo.com,"Dougiie, Doo",123456789,,Did you graduate from High School or were you issued a GED?|Please attach any supporting documentation with this request: (Optional)|Have you completed any post secondary education you wish to disclose?|Comments:|I attest that all Post Secondary Education has been disclosed.,High School Diploma||Yes||Yes
8a07828b903ec8b101904b78ff432630,20240624141859 CDT,Closed,abc123-95,"Admin, System",xxxddd123,,xxxabc-216,"User4, HBHMEC",,,historicalapprover,"Approver, Historical ",,,,,,,Did you graduate from High School or were you issued a GED?|Please attach any supporting documentation with this request: (Optional)|Have you completed any post secondary education you wish to disclose?|Comments:|I attest that all Post Secondary Education has been disclosed.,"High School Diploma||Yes|NAME, ONE (10/27/23 11:34 AM):  Bachelors degree from the University of Miami"
8a07828b903ec8b101904b78ff432631,20240624141859 CDT,Not Approved,abc123-96,"Admin, System",xxxddd123,,xxxabc-217,"User4, CEOHOB",,,historicalapprover,"Approver, Historical ",,,,,,,Did you graduate from High School or were you issued a GED?|Please attach any supporting documentation with this request: (Optional)|Have you completed any post secondary education you wish to disclose?|Comments:|I attest that all Post Secondary Education has been disclosed.,High School Diploma||Yes
8a07828b903ec8b101904b78ff432632,20240624141859 CDT,Approved,abc123-97,"Admin, System",xxxddd123,,xxxabc-218,"User4, PHEM",,,historicalapprover,"Approver, Historical ",,,,,,,Did you graduate from High School or were you issued a GED?|Please attach any supporting documentation with this request: (Optional)|Have you completed any post secondary education you wish to disclose?|Comments:|I attest that all Post Secondary Education has been disclosed.,||No
8a07828b903ec8b101904b78ff432633,20240624141859 CDT,Approved,abc123-98,"Admin, System",xxxddd123,,xxxabc-219,"Test1, CEHB",,,historicalapprover,"Approver, Historical ",,,,,,,Did you graduate from High School or were you issued a GED?|Please attach any supporting documentation with this request: (Optional)|Have you completed any post secondary education you wish to disclose?|Comments:|I attest that all Post Secondary Education has been disclosed.,High School Diploma||Yes
8a07828b903ec8b101904b78ff432634,20240624141859 CDT,Approved,abc123-99,"Admin, System",xxxddd123,,xxxabc-220,"Test1, CEPR",,,historicalapprover,"Approver, Historical ",,,,,,,Did you graduate from High School or were you issued a GED?|Please attach any supporting documentation with this request: (Optional)|Have you completed any post secondary education you wish to disclose?|Comments:|I attest that all Post Secondary Education has been disclosed.,"High School Diploma||Yes|NAME, TWO (10/26/23 09:16 AM):  Graduated from the University of MN"
8a07828b903ec8b101904b78ff432635,20240624141859 CDT,Not Approved,abc123-100,"Admin, System",xxxddd123,,xxxabc-221,"Test1, CEPRHB",,,historicalapprover,"Approver, Historical ",,,,,,,Did you graduate from High School or were you issued a GED?|Please attach any supporting documentation with this request: (Optional)|Have you completed any post secondary education you wish to disclose?|Comments:|I attest that all Post Secondary Education has been disclosed.,"High School Diploma||Yes|NAME, THREE (10/25/23 04:29 PM):  BA Biology University of Texas Dallas  1979"
